site,Node1,Node2,Node3,Node4,Node5,Node6,Node7,PP_003MAAS.2||2019,PP_003WP55.3|USA|2025-08-01,PP_0049MEX.3|USA|2025-09-01,PP_004C6JX.1|USA|2025-10-06,PP_004FHLA.2|USA|2025-11-01,PP_004H7JK.2|USA|2025-12-01,PP_004J990.2|USA|2025-12-01,PP_004J9FN.2|USA|2026-01-01,PP_004JCGH.2|USA|2025-12-01
248,T,T,T,T,T,T,T,C,T,T,T,T,T,,,T
521,T,T,T,T,T,T,T,T,T,T,T,C,T,C,T,T
747,A,C,C,C,C,C,C,A,C,A,C,C,C,C,C,C
881,C,C,C,C,C,C,C,T,C,C,C,C,C,C,C,C
1076,A,A,A,A,A,A,A,G,A,A,A,A,A,A,A,A
1101,T,T,T,T,T,T,T,C,T,T,T,T,T,T,T,T
1304,G,G,G,C,G,G,G,G,G,G,G,C,G,G,C,G
1358,G,T,T,T,T,T,T,G,T,G,T,T,T,T,T,T
1403,G,G,G,G,G,G,G,G,G,A,G,G,G,G,G,G
1444,G,G,G,G,G,G,G,A,G,G,G,G,G,G,G,G
1471,G,G,G,G,G,G,G,G,G,G,G,G,A,G,G,G
1477,T,T,T,T,T,T,T,G,T,T,T,T,T,T,T,T
1483,T,T,T,T,T,T,T,C,T,T,T,T,T,T,T,T
1502,C,T,T,T,T,T,T,C,T,C,T,T,T,T,T,T
1520,A,G,G,G,G,G,G,A,G,A,G,G,G,G,G,G
1523,C,C,C,C,C,C,C,C,C,C,C,C,C,C,A,C
1597,A,A,A,A,A,A,A,G,A,A,A,A,A,A,A,A
1616,A,A,A,A,A,A,A,G,A,A,A,A,A,A,A,A
1689,C,C,C,C,C,C,C,C,C,C,C,C,T,C,C,C
1728,A,A,A,A,A,A,A,G,A,A,A,A,A,A,A,A
1787,C,T,T,T,T,T,T,C,T,C,T,T,T,T,T,T
1838,A,A,A,A,A,A,A,A,A,A,A,A,G,A,A,A
1842,G,G,G,G,G,G,G,A,G,G,G,G,G,G,G,G
1859,C,C,C,C,C,C,C,C,C,T,C,C,C,C,C,C
2242,G,G,G,G,G,G,G,A,G,G,G,G,G,G,G,G
2451,T,T,T,T,T,T,T,C,T,T,T,T,T,T,T,T
2473,A,A,A,A,A,A,A,G,A,A,A,A,A,A,A,A
2594,C,C,C,C,C,C,C,T,C,C,C,C,C,C,C,C
2615,A,A,A,A,A,A,A,G,A,A,A,A,A,A,A,A
2624,C,C,C,C,C,C,C,T,C,C,C,C,C,C,C,C
2760,C,C,C,C,C,C,C,C,C,C,C,T,C,C,C,C
2855,A,G,G,G,G,G,G,A,G,A,G,G,G,G,G,G
3087,C,C,T,T,T,T,C,C,T,C,T,T,T,C,T,C
3137,A,A,A,A,A,A,A,G,A,A,A,A,A,A,A,A
3289,G,G,G,G,G,G,G,A,G,G,G,G,G,G,G,G
3291,C,C,C,C,C,C,C,T,C,C,C,C,C,C,C,C
3343,T,T,T,T,T,T,T,C,T,T,T,T,T,T,T,T
3353,A,A,A,A,A,A,A,A,A,G,A,A,A,A,A,A
3427,C,C,C,C,C,C,C,C,C,T,C,C,C,C,C,C
3449,C,C,C,C,C,C,C,T,C,C,C,C,C,C,C,C
3636,T,C,C,C,C,C,C,T,C,T,C,C,C,C,C,C
3644,A,A,A,A,A,A,A,C,A,A,A,A,A,A,A,A
3663,T,T,T,T,T,T,T,C,T,T,T,T,T,T,T,T
3750,G,G,G,G,G,G,G,G,G,G,G,G,G,A,G,G
3974,A,A,A,A,A,A,A,G,A,A,A,A,A,A,A,A
3989,T,T,T,T,T,T,C,T,T,T,T,T,T,C,T,C
4001,C,C,C,C,C,C,T,C,C,C,C,C,C,T,C,T
4034,A,A,A,A,A,A,A,G,A,A,A,A,A,A,A,A
4123,G,G,G,G,G,G,G,A,G,G,G,G,G,G,G,G
4190,T,T,T,T,T,T,T,G,T,T,T,T,T,T,T,T
4265,T,T,T,T,T,T,T,T,T,C,T,T,T,T,T,T
4274,T,T,T,T,T,T,T,C,T,T,T,T,T,T,T,T
4362,T,T,T,T,T,T,T,C,T,T,T,T,T,T,T,T
4474,G,T,T,T,T,T,T,G,T,G,T,T,T,T,T,T
4480,C,T,T,T,T,T,T,C,T,C,T,T,T,T,T,T
4485,T,T,T,T,T,T,T,T,T,C,T,T,T,T,T,T
4539,C,C,C,C,C,C,C,T,C,C,C,C,C,C,C,C
4578,A,G,G,G,G,G,G,A,G,A,G,G,G,G,G,G
4612,A,A,A,A,A,A,A,C,A,A,A,A,A,A,A,A
4630,G,G,G,G,G,G,G,A,G,G,G,G,G,G,G,G
4639,T,T,T,T,T,T,T,T,T,C,T,T,T,T,T,T
4655,A,A,A,A,A,A,A,G,A,A,A,A,A,A,A,A
4678,G,G,G,G,G,G,G,G,G,A,G,G,G,G,G,G
4691,C,T,T,T,T,T,T,C,T,C,T,T,T,T,T,T
4706,C,C,C,C,C,C,C,T,C,C,C,C,C,C,C,C
4710,T,T,T,T,T,T,T,C,T,T,T,T,T,T,T,T
4714,T,C,C,C,C,C,C,T,C,T,C,C,C,C,C,C
4761,C,T,T,T,T,T,T,C,T,C,T,T,T,T,T,T
4791,C,C,C,C,C,C,C,T,C,C,C,C,C,C,C,C
4800,T,T,T,T,T,T,T,C,T,T,T,T,T,T,T,T
4847,T,C,C,C,C,C,C,T,C,T,C,C,C,C,C,C
4954,G,G,G,G,G,G,G,A,G,,G,,G,,,G
5071,G,G,G,G,G,G,G,A,G,G,G,,G,,,G
5073,G,G,G,G,G,G,G,G,G,C,G,,G,,,G
5112,C,C,C,C,C,C,C,C,C,A,C,C,C,,,C
5145,G,A,A,A,A,A,A,G,A,G,A,,A
5179,C,C,C,C,C,C,C,T,C,C,C,,C,,,C
5208,T,T,T,T,T,T,T,C,T,T,T,,T,,,T
5259,A,T,T,T,T,T,T,A,T,A,T,T,T,,,T
5272,A,G,G,G,G,G,G,A,G,A,G,G,G,,,G
5275,A,A,A,A,A,A,A,G,A,A,A,A,A,,,A
5298,A,A,A,A,A,A,A,G,A,A,A,A,A,,,A
5311,G,G,G,G,G,G,G,G,G,A,G,G,G,,,G
5345,T,C,C,C,C,C,C,T,C,T,C,C,C,,,C
5350,T,C,C,C,C,C,C,T,C,T,C,C,C,,,C
5353,T,C,C,C,C,C,C,T,C,T,C,C,C,,,C
5359,A,A,A,A,A,A,A,G,A,A,A,A,A,,,A
5394,T,T,C,C,C,C,T,T,C,T,C,C,C,,,T
5396,A,A,A,A,A,A,A,G,A,A,A,A,A,T,A,A
5398,T,T,C,C,C,C,T,T,C,T,C,C,C,T,C,T
5409,T,T,C,C,C,C,T,T,C,T,C,C,C,T,C,T
5429,C,C,C,C,C,C,T,C,C,C,C,C,C,T,C,T
5465,T,T,C,C,C,C,T,T,C,T,C,C,C,T,C,T
5471,T,C,C,C,C,C,C,T,C,T,C,C,C,C,C,C
5496,C,C,C,C,C,C,C,A,C,C,C,C,C,C,C,C
5498,T,T,C,C,C,C,T,T,C,T,C,C,C,T,C,T
5524,G,G,G,G,G,G,G,G,G,T,G,G,G,G,G,G
5550,T,T,C,C,C,C,T,T,C,T,C,C,C,T,C,T
5570,T,T,C,C,C,C,T,T,C,T,C,C,C,T,C,T
5617,T,T,T,T,T,T,T,T,T,T,T,T,T,T,C,T
5664,G,G,A,A,A,A,G,G,A,G,A,A,A,G,A,G
5721,A,A,A,A,A,A,A,A,A,A,A,A,G,A,A,A
5769,A,A,A,A,A,A,A,G,A,A,A,A,A,A,A,A
5898,T,T,T,T,T,T,T,C,T,T,T,T,T,T,T,T
6072,A,A,A,A,A,A,A,G,A,A,A,A,A,A,A,A
6138,G,A,A,A,A,A,A,G,A,G,A,A,A,A,A,A
6237,A,A,A,A,A,A,A,G,A,A,A,A,A,A,A,A
6283,G,G,G,G,G,G,G,T,G,G,G,G,G,G,G,G
6309,T,T,T,T,T,T,T,C,T,T,T,T,T,T,T,T
6495,T,T,T,T,T,T,T,C,T,T,T,T,T,T,T,T
6552,T,T,T,T,T,T,T,C,T,T,T,T,T,T,T,T
6600,G,G,G,G,G,G,G,A,G,G,G,G,G,G,G,G
6711,T,C,C,C,C,C,C,T,C,T,C,C,C,C,C,C
6713,G,G,G,G,G,G,G,A,G,G,G,G,G,G,G,G
6717,C,C,C,T,C,C,C,C,C,C,C,T,C,C,T,C
6801,C,T,T,T,T,T,T,C,T,C,T,T,T,T,T,T
6846,T,T,T,T,T,T,T,G,T,T,T,T,T,T,T,T
6885,A,A,A,A,A,A,A,G,A,A,A,A,A,A,A,A
6888,G,G,G,G,G,G,G,A,G,G,G,G,G,G,G,G
6907,C,C,C,C,C,C,C,T,C,C,C,C,C,C,C,C
6984,G,A,A,A,A,A,A,G,A,G,A,A,A,A,A,A
7129,A,A,A,A,A,A,A,A,A,G,A,A,A,A,A,A
7135,G,G,G,G,G,G,G,A,G,G,G,G,G,G,G,G
7149,C,C,C,C,C,C,C,T,C,C,C,C,C,C,C,C
7165,A,A,A,A,A,A,A,G,A,A,A,A,A,A,A,A
7199,G,G,G,G,G,G,G,A,G,G,G,G,G,G,G,G
7219,G,G,G,G,G,G,G,A,G,G,G,G,G,G,G,G
7228,G,G,G,G,G,G,G,A,G,G,G,G,G,G,G,G
7233,G,G,G,G,G,G,G,A,G,G,G,G,G,G,G,G
7243,A,A,A,A,A,A,A,T,A,A,A,A,A,A,A,A
7318,C,C,C,C,C,C,C,T,C,C,C,C,C,C,C,C
7324,T,T,T,T,T,T,T,C,T,T,T,T,T,T,T,T
7381,C,T,T,T,T,T,T,C,T,C,T,T,T,T,,T
7399,C,C,C,C,C,C,C,C,C,T,C,C,C,C,,C
7510,A,G,G,G,G,G,G,A,G,A,G,G,G,G,G,G
7573,C,C,C,C,C,C,C,T,C,C,C,C,C,C,C,C
7660,G,G,G,G,G,G,G,A,G,G,G,G,G,G,G,G
7794,G,A,A,A,A,A,A,G,A,G,A,A,A,A,A,A
8017,G,G,A,A,A,A,G,G,A,G,A,A,A,G,A,G
8056,T,T,T,T,T,T,T,C,T,T,T,T,T,T,T,T
8063,C,C,C,C,C,C,C,T,C,C,C,C,C,C,C,C
8069,G,A,A,A,A,A,A,G,A,G,A,A,A,A,A,A
8070,T,T,T,T,T,T,T,C,T,T,T,T,T,T,T,T
8119,C,C,C,C,C,C,C,T,C,C,C,C,C,C,C,C
8141,T,T,T,T,T,T,T,T,T,C,T,T,T,T,T,T
8212,G,A,A,A,A,A,A,G,A,G,A,A,A,A,A,A
8312,A,A,A,A,A,A,A,A,A,G,A,A,A,A,A,A
8338,C,C,C,C,C,C,C,C,C,C,C,C,C,C,T,C
8347,T,T,T,T,T,T,T,G,T,T,T,T,T,T,T,T
8380,A,A,A,A,A,A,A,C,A,A,A,A,A,A,A,A
8416,C,C,C,C,C,C,C,C,C,T,C,C,C,C,C,C
8440,T,T,T,T,T,T,T,C,T,T,T,T,T,T,T,T
8504,G,C,C,C,C,C,C,G,C,G,C,C,C,C,C,C
8507,T,T,T,T,T,T,T,C,T,T,T,T,T,T,T,T
8551,T,T,T,T,T,T,T,C,T,T,T,T,T,T,T,T
8680,G,G,G,G,G,G,G,G,G,G,G,G,G,G,A,G
8713,C,C,C,C,C,C,C,C,C,T,C,C,C,C,C,C
8827,A,A,A,A,A,A,A,T,A,A,A,A,A,A,A,A
8857,T,T,T,T,T,T,T,C,T,T,T,T,T,T,T,T
8950,A,A,A,A,A,A,A,G,A,A,A,A,A,A,A,A
9007,T,T,T,T,T,T,T,C,T,T,T,T,T,T,T,T
9147,C,C,C,C,C,C,A,T,C,C,C,C,C,A,C,A
9156,T,T,T,T,T,T,T,C,T,T,T,T,T,T,T,T
9159,A,A,A,A,A,A,A,G,A,A,A,A,A,A,A,A
9210,G,G,G,G,G,G,A,G,G,G,G,G,G,A,G,A
9311,A,A,A,A,A,A,A,G,A,A,A,A,A,A,A,A
9551,T,T,T,T,T,T,T,C,T,T,T,T,T,T,T,T
9605,T,C,C,C,C,C,C,T,C,T,C,C,C,C,C,C
9619,G,G,G,G,G,G,G,G,G,G,G,G,G,G,G,T
9647,A,A,A,A,A,A,A,C,A,A,A,A,A,A,A,A
9658,G,A,A,A,A,A,A,G,A,G,A,A,A,A,A,A
9689,G,G,G,G,G,G,G,A,G,G,G,G,G,G,G,G
9893,A,A,A,A,A,A,A,A,A,G,A,A,A,A,A,A
9917,C,C,C,C,C,C,C,T,C,C,C,C,C,C,C,C
9947,A,G,G,G,G,G,G,A,G,A,G,G,G,G,G,G
10161,A,A,A,A,A,A,A,G,A,A,A,A,A,A,A,A
10209,A,A,A,A,A,A,A,A,A,G,A,A,A,A,A,A
10319,A,G,G,G,G,G,G,A,G,A,G,G,G,G,G,G
10467,A,A,A,A,A,A,A,T,A,A,A,A,A,A,A,A
10496,C,C,C,C,C,C,C,T,C,C,C,C,C,C,C,C
10565,T,T,T,T,T,T,T,T,T,C,T,T,T,T,T,T
10730,A,A,A,A,A,A,A,A,A,A,G,A,A,A,A,A
10742,T,T,T,T,T,T,T,T,T,C,T,T,T,T,T,T
10916,G,G,G,G,G,G,G,A,G,G,G,G,G,G,G,G
11012,C,C,C,C,C,C,C,C,C,T,C,C,C,C,C,C
11090,C,C,C,C,C,C,C,C,C,C,C,C,T,C,C,C
11101,A,A,A,A,A,A,A,G,A,A,A,A,A,A,A,A
11114,C,C,C,C,C,C,C,A,C,C,C,C,C,C,C,C
11115,A,A,A,A,A,A,A,G,A,A,A,A,A,A,A,A
11171,T,T,T,T,T,T,C,C,T,T,T,T,T,C,T,C
11270,C,C,C,C,C,C,C,T,C,C,C,C,C,C,C,C
11306,G,G,G,G,G,G,G,A,G,G,G,G,G,G,G,G
11549,T,T,T,T,T,T,T,G,T,T,T,T,T,T,T,T
12017,T,T,T,T,T,T,T,C,T,T,T,T,T,T,T,T
12101,A,A,A,A,A,A,A,A,A,G,A,A,A,A,A,A
12482,G,G,G,G,G,G,G,A,G,G,G,G,G,G,G,G
12767,A,A,A,A,A,A,A,C,A,A,A,A,A,A,A,A
12782,G,G,G,G,G,G,G,A,G,G,G,G,G,G,G,G
12929,C,C,C,C,C,C,C,T,C,C,C,C,C,C,C,C
13101,T,C,C,C,C,C,C,T,C,T,C,C,C,C,C,C
13106,A,A,A,A,A,A,A,G,A,A,A,A,A,A,A,A
13157,A,A,A,G,A,A,A,A,A,A,A,G,A,A,G,A
13247,C,C,C,C,C,C,C,T,C,C,C,C,C,C,C,C
13288,A,A,A,A,A,A,A,A,A,A,A,A,A,A,G,A
13304,C,C,C,C,C,C,C,T,C,C,C,C,C,C,C,C
13874,T,T,T,T,T,T,T,G,T,T,T,T,T,T,T,T
13934,C,T,T,T,T,T,T,C,T,C,T,T,T,T,T,T
13943,T,T,T,T,T,T,T,C,T,T,T,T,T,T,T,T
14069,G,G,G,G,G,G,G,G,G,A,G,G,G,G,G,G
14132,A,A,A,A,A,A,A,G,A,A,A,A,A,A,A,A
14182,T,T,T,T,T,T,C,T,T,T,T,T,T,C,T,C
14387,C,C,C,C,C,C,C,T,C,C,C,C,C,C,C,C
14413,A,A,A,A,A,A,A,G,A,A,A,A,A,A,A,A
14582,T,T,T,T,T,T,T,C,T,T,T,T,T,T,T,T
14639,G,G,G,G,G,G,G,A,G,G,G,G,G,G,G,G
14651,G,A,A,A,A,A,A,G,A,G,A,A,A,A,A,A
14672,T,T,T,T,T,T,T,T,T,C,T,T,T,T,T,T
14792,A,A,A,A,A,A,A,A,A,G,A,A,A,A,A,A
14978,G,G,G,G,G,G,G,A,G,G,G,G,G,G,G,G
15461,C,C,C,C,C,C,C,T,C,C,C,C,C,C,C,C
15589,G,G,A,A,A,A,G,G,A,G,A,A,A,G,A,G
15695,C,C,C,C,C,C,C,T,C,C,C,C,C,C,C,C
15698,A,A,A,A,A,A,A,G,A,A,A,A,A,A,A,A
15704,T,T,T,T,T,T,T,T,T,C,T,T,T,T,T,T
15761,G,G,G,G,G,G,G,A,G,G,G,G,G,G,G,G
15767,T,T,T,T,T,T,T,C,T,T,T,T,T,T,T,T
15855,C,C,C,C,C,C,C,,C,C,C,C,C,C,A,C
